entry_ts,exit_ts,entry,exit,reason,pnl,ret_pct
2026-07-06 09:15:00+00:00,2026-07-06 12:00:00+00:00,62731.3,62149.093,STOP_BREAK,-104.69111187852351,-1.0475396425707777
2026-07-06 12:00:00+00:00,2026-07-06 15:45:00+00:00,61966.7,63523.1,SELL_HIGH,236.37217446099586,2.3901645883999008
2026-07-07 04:00:00+00:00,2026-07-07 15:15:00+00:00,63165.0,63718.4,SELL_HIGH,76.50822878109518,0.7555924325180107
2026-07-08 06:30:00+00:00,2026-07-08 08:15:00+00:00,62513.6,62122.7255,STOP_BREAK,-75.99387128533112,-0.7448879848544926
2026-07-08 08:15:00+00:00,2026-07-08 20:15:00+00:00,62053.0,62243.6,TIME,18.93302447900387,0.1869724912574711
2026-07-10 20:15:00+00:00,2026-07-11 05:15:00+00:00,63708.3,64166.8,SELL_HIGH,60.79450035080705,0.599254634011581
2026-07-13 02:00:00+00:00,2026-07-13 03:00:00+00:00,63382.4,62887.98,STOP_BREAK,-91.81020232435816,-0.8995907822991842
2026-07-13 03:00:00+00:00,2026-07-13 15:00:00+00:00,62992.1,62772.1,TIME,-47.4388370972317,-0.469040593979245
2026-07-13 17:30:00+00:00,2026-07-14 03:45:00+00:00,62076.9,62538.2,SELL_HIGH,62.6811717281818,0.6226646949187149
2026-07-16 00:15:00+00:00,2026-07-16 12:15:00+00:00,64535.2,64160.0,TIME,-71.00996215315419,-0.7010393087803201
2026-07-16 12:30:00+00:00,2026-07-16 15:15:00+00:00,63869.4,64800.0,SELL_HIGH,134.3947375334507,1.3361615421469413
2026-07-16 23:15:00+00:00,2026-07-17 11:15:00+00:00,63788.0,63104.1,TIME,-121.44479632626685,-1.1915019439393013
2026-07-17 13:30:00+00:00,2026-07-17 15:45:00+00:00,62540.0,63432.4,SELL_HIGH,131.53704904765112,1.3060706108090847
2026-07-20 06:30:00+00:00,2026-07-20 11:45:00+00:00,63793.7,64970.8,SELL_HIGH,175.89991365824753,1.7240594290658888
2026-07-22 12:45:00+00:00,2026-07-22 16:30:00+00:00,65604.2,66260.0,SELL_HIGH,91.22983040270373,0.8790313425055148
2026-07-23 15:00:00+00:00,2026-07-24 02:00:00+00:00,64745.9,65140.8,SELL_HIGH,51.25474827117869,0.4895568368035681
2026-07-24 13:00:00+00:00,2026-07-25 01:00:00+00:00,64343.1,63990.9,TIME,-70.1792346814148,-0.6670496137114891
2026-07-27 22:30:00+00:00,2026-07-28 01:00:00+00:00,64183.5,63121.9045,STOP_BREAK,-185.29178792232807,-1.773008238410188
2026-07-28 01:00:00+00:00,2026-07-28 12:45:00+00:00,63172.8,63520.1,SELL_HIGH,44.08341966603705,0.42943206569915476
2026-07-29 16:30:00+00:00,2026-07-30 04:30:00+00:00,63669.1,64069.9,TIME,52.48880686813359,0.509127033364698
2026-07-31 02:30:00+00:00,2026-07-31 14:00:00+00:00,64200.8,62900.119,STOP_BREAK,-222.23867268037606,-2.1447420458935156
2026-07-31 14:00:00+00:00,2026-08-01 02:00:00+00:00,62669.6,62992.2,TIME,39.99732619358988,0.3944542808634465
2026-08-03 04:45:00+00:00,2026-08-03 13:45:00+00:00,62765.3,63317.6,SELL_HIGH,77.3077538721076,0.7594168433832
